date,first_dose_pct,second_dose_pct,booster_pct
2021-03-01,2.9,1.2,0.1
2021-03-02,3.1,1.3,0.1
2021-03-03,3.2,1.3,0.1
2021-03-04,3.4,1.4,0.2
2021-03-05,3.6,1.5,0.2
2021-03-06,3.7,1.5,0.2
2021-03-07,3.9,1.6,0.2
2021-03-08,4.1,1.7,0.2
2021-03-09,4.3,1.8,0.2
2021-03-10,4.5,1.8,0.2
2021-03-11,4.7,1.9,0.2
2021-03-12,5.0,2.0,0.2
2021-03-13,5.2,2.1,0.2
2021-03-14,5.5,2.2,0.3
2021-03-15,5.7,2.3,0.3
2021-03-16,6.0,2.4,0.3
2021-03-17,6.3,2.5,0.3
2021-03-18,6.6,2.6,0.3
2021-03-19,6.9,2.7,0.3
2021-03-20,7.2,2.9,0.3
2021-03-21,7.6,3.0,0.4
2021-03-22,7.9,3.1,0.4
2021-03-23,8.3,3.2,0.4
2021-03-24,8.7,3.4,0.4
2021-03-25,9.1,3.5,0.4
2021-03-26,9.5,3.7,0.5
2021-03-27,10.0,3.9,0.5
2021-03-28,10.4,4.0,0.5
2021-03-29,10.9,4.2,0.5
2021-03-30,11.4,4.4,0.6
2021-03-31,11.9,4.6,0.6
2021-04-01,12.5,4.8,0.6
2021-04-02,13.0,5.0,0.7
2021-04-03,13.6,5.2,0.7
2021-04-04,14.2,5.4,0.7
2021-04-05,14.8,5.7,0.8
2021-04-06,15.4,5.9,0.8
2021-04-07,16.1,6.2,0.8
2021-04-08,16.8,6.4,0.9
2021-04-09,17.5,6.7,0.9
2021-04-10,18.2,7.0,1.0
2021-04-11,19.0,7.3,1.0
2021-04-12,19.8,7.6,1.1
2021-04-13,20.6,7.9,1.1
2021-04-14,21.4,8.2,1.2
2021-04-15,22.3,8.6,1.3
2021-04-16,23.1,8.9,1.3
2021-04-17,24.0,9.3,1.4
2021-04-18,25.0,9.7,1.5
2021-04-19,25.9,10.1,1.5
2021-04-20,26.9,10.5,1.6
2021-04-21,27.9,10.9,1.7
2021-04-22,28.9,11.4,1.8
2021-04-23,29.9,11.8,1.9
2021-04-24,31.0,12.3,2.0
2021-04-25,32.1,12.8,2.1
2021-04-26,33.2,13.3,2.2
2021-04-27,34.3,13.8,2.3
2021-04-28,35.4,14.3,2.4
2021-04-29,36.6,14.9,2.5
2021-04-30,37.8,15.4,2.6
2021-05-01,38.9,16.0,2.7
2021-05-02,40.1,16.6,2.9
2021-05-03,41.3,17.2,3.0
2021-05-04,42.6,17.9,3.2
2021-05-05,43.8,18.5,3.3
2021-05-06,45.0,19.2,3.5
2021-05-07,46.3,19.9,3.7
2021-05-08,47.5,20.6,3.8
2021-05-09,48.8,21.3,4.0
2021-05-10,50.0,22.1,4.2
2021-05-11,51.2,22.8,4.4
2021-05-12,52.5,23.6,4.6
2021-05-13,53.7,24.4,4.8
2021-05-14,55.0,25.2,5.1
2021-05-15,56.2,26.0,5.3
2021-05-16,57.4,26.9,5.6
2021-05-17,58.7,27.7,5.8
2021-05-18,59.9,28.6,6.1
2021-05-19,61.1,29.5,6.4
2021-05-20,62.2,30.4,6.7
2021-05-21,63.4,31.3,7.0
2021-05-22,64.6,32.2,7.3
2021-05-23,65.7,33.1,7.6
2021-05-24,66.8,34.1,8.0
2021-05-25,67.9,35.0,8.3
2021-05-26,69.0,36.0,8.7
2021-05-27,70.1,37.0,9.1
2021-05-28,71.1,38.0,9.5
2021-05-29,72.1,39.0,9.9
2021-05-30,73.1,40.0,10.4
2021-05-31,74.1,41.0,10.8
2021-06-01,75.0,42.0,11.3
2021-06-02,76.0,43.0,11.8
2021-06-03,76.9,44.0,12.3
2021-06-04,77.7,45.0,12.8
2021-06-05,78.6,46.0,13.3
2021-06-06,79.4,47.0,13.8
2021-06-07,80.2,48.0,14.4
2021-06-08,81.0,49.0,15.0
2021-06-09,81.8,50.0,15.6
2021-06-10,82.5,51.0,16.2
2021-06-11,83.2,52.0,16.8
2021-06-12,83.9,53.0,17.5
2021-06-13,84.6,54.0,18.1
2021-06-14,85.2,55.0,18.8
2021-06-15,85.8,55.9,19.5
2021-06-16,86.4,56.9,20.2
2021-06-17,87.0,57.8,21.0
2021-06-18,87.5,58.7,21.7
2021-06-19,88.1,59.6,22.5
2021-06-20,88.6,60.5,23.2
2021-06-21,89.1,61.4,24.0
2021-06-22,89.6,62.3,24.8
2021-06-23,90.0,63.1,25.6
2021-06-24,90.5,64.0,26.4
2021-06-25,90.9,64.8,27.3
2021-06-26,91.3,65.6,28.1
2021-06-27,91.7,66.4,28.9
2021-06-28,92.1,67.2,29.8
2021-06-29,92.4,67.9,30.6
2021-06-30,92.8,68.7,31.5
2021-07-01,93.1,69.4,32.4
2021-07-02,93.4,70.1,33.3
2021-07-03,93.7,70.8,34.1
2021-07-04,94.0,71.5,35.0
2021-07-05,94.3,72.1,35.9
2021-07-06,94.5,72.8,36.7
2021-07-07,94.8,73.4,37.6
2021-07-08,95.0,74.0,38.5
2021-07-09,95.3,74.6,39.4
2021-07-10,95.5,75.1,40.2
2021-07-11,95.7,75.7,41.1
2021-07-12,95.9,76.2,41.9
2021-07-13,96.1,76.7,42.7
2021-07-14,96.3,77.2,43.6
2021-07-15,96.4,77.7,44.4
2021-07-16,96.6,78.2,45.2
2021-07-17,96.8,78.6,46.0
2021-07-18,96.9,79.1,46.8
2021-07-19,97.1,79.5,47.5
2021-07-20,97.2,79.9,48.3
2021-07-21,97.3,80.3,49.0
2021-07-22,97.5,80.7,49.8
2021-07-23,97.6,81.1,50.5
2021-07-24,97.7,81.4,51.2
2021-07-25,97.8,81.8,51.9
2021-07-26,97.9,82.1,52.5
2021-07-27,98.0,82.4,53.2
2021-07-28,98.1,82.7,53.8
